Documento Fuente;Edad_Cat;Sexo;Dependientes_Cat;Ocupacion_Cat;Procedencia_Cat
Arturo 1;22 años;Femenino;;No trabaja, solo estudia;Ciudad de Huamanga
Arturo 2;23 años;Femenino;;Estudiante;Ciudad de Huamanga, distrito de Ocros
Cecilia 1;26 años;Femenino;;Ventas;Huamanga
Cecilia 2.m4a;24 años;;;Auxiliar en la Institución Educativa Mariscal Sucre;Distrito de Independencia, provincia Vincas Oman
Cecilia 3.m4a;22 años;;;Trabaja en una institución, en una guardería y también haciendo reforzamientos;Distrito de Quinoa
Cecilia 4.m4a;24 años;;;Estudiante;Guamanga (Huamanga)
Cecilia 6.m4a;23 años;;;Trabaja en una institución educativa privada llamada Javier Pérez de Cuéllar;Huamanga (huamanguina)
Diego01.mp3;23 años;Femenino;;Trabaja en los pasamientos (posibilito infantil);El mismo Guamán
Diego02.mp3;23 años;Masculino;;Estudiante (no trabaja);Distrito de Paras, región de Ayacucho
Diego03.mp3;26;Femenino;;Profesora;Pichari
Diego04.mp3;25;Mujer;;No trabaja, es estudiante;Tarma, Junín
Diego05;29;;;Estudiante;Nacida en una selva, registrada en la zona de Huamanguilla (parte sierra), criada desde los 8 años en Huamanga
Diego06;24;;;Estudia y trabaja en la feria;Juan Manga
Gladys Clavel Negro Miriam;;;;;
Iris Dalia_;;;;;
Iris01.m4a;24;Femenino;;Estudiante;Cangallo
Iris02;23 años;Femenino;;"Estudia y trabaja; refuerzo a los niños por la tarde";Huanta
Iris03;27;Masculino;;Estudiante;Lima
L-IRIS Rosa AMARILLA (1);;;;;
MJA 5.  ROSA BLANCA;;;;Profesora (docente) y estudiante de educación;
MJA1.mp3;26 años;;;Estudiante y trabaja como recepcionista en un hospedaje (de lunes a sábado de noche y los domingos todo el día);Huamanga
MJA2.mp3;25;;;Cantante en un grupo musical (música variada, principalmente cumbia), además de ser estudiante de educación primaria;Ciudad de Huamanga (Ayacucho)
MJA3.mp3;23;;;Estudiante (no trabaja aparte de estudiar);Provincia de Cangallo, departamento de Ayacucho, distrito de los Morochucos
MJA4.mp3;24 años;;;"Estudiante de educación primaria de serie 500 de la Universidad Nacional San Cristóbal de Huamanga; trabaja los fines de semana en comercio y en reforzamiento escolar a niños con dificultades de aprendizaje";Selva (región de la selva, cerca de Ayacucho)
Miriam 01.mp3;25;;;Vendedor en una tienda de pinturas;Anco La Mar (provincia)
Miriam 02;24 años;;;"No trabaja; se dedica únicamente al estudio";Ciudad de Ayacucho
Miriam Tulipan rojos txt;;;;;
TULIPANES BLANCOS MJA;;;;;
